Numero;Sexe;Type_melanome;Breslow_mm;Ulceration;classif_j1biotherap1;ldh_j1biotherap1;Metastases_cerebrales;nom_bitherap1;ligne_bitherap1;bitherap1_age_init_jours;bitherap1_age_arret_jours;bitherap1_meilleure_reponse;bitherap1_age_meilleure_reponse_jours;bitherap1_prog;bitherap1_age_prog_jours;bitherap1_type_prog;deces;age_deces_jours;age_derniere_nouvelle_jours;Statut_BRAFJ1;Pourcentage cellules tumorales ;Type Echantillon;Analyse NGS_cur;BRAF;RAF1;ARAF;PDGFRB;IGF1R;MET ;HGF;KIT;EGFR;ERBB2;MAP3K8;MKI67;E2F2;RB1;CDK2;CDK4;CDK6;CCND1;RRM2;BCL2;BCL2L1;BCL2L11;BMF;MCL1;BAD;PTEN;CDKN1A;CDKN1B;CDKN2A
1;M;SSM;9;oui;IV M1C;NA;1;vemu+cobi;1;23382;23599;RP;23438;1;23494;localisee;1;23862;23862;BRAFV600R;0.95;Congel;"BRAF:NM_004333:exon15:c.1798_1799delinsAG:p.V600R 30%
FGFR3:NM_000142:exon7:c.905G>A:p.G302D 19%";7,607980226;16,09520382;4,151499778;1,199885361;5,472460318;14,36363744;0,825843202;12,31738594;1,242662703;3,982290327;0,976528712;10,5786809;0,787258353;6,97455906;30,78704649;11,37952608;6,199821673;26,16277635;13,89593553;4,265293209;13,26731397;2,427683485;5,815271446;45,36392499;14,13660452;22,5120755;21,12053247;5,039766211;1,43707702
2;M;NM;4;oui;IV M1A;NA;0;dabra+trame;1;22985;23398;RP;23041;1;23258;peau,cérébrale;1;23471;23471;BRAFV600E;0.8;FFPE;"BRAF:NM_004333:exon15:c.1799T>A:p.V600E 19.8%
AKT1:NM_005163:exon3:c.138C>A:p.D46E 52.3%";32,68112516;19,33260355;0,679727096;6,77927974;2,448417173;28,49319682;1,52940884;46,7974871;88,09886159;92,03808438;1,648580477;4001,256795;98,89770699;8,230255623;2800,850574;10,83372992;49,08823614;88,11978228;720,5524438;3746,672159;1633,474395;575,6014222;1350,413127;5579,210655;2117,531474;1019,998338;2001,787436;1710,015554;645,7705259
3;F;NA;NA;non;IV M1C;1854;0;dabra+trame;2;18120;18264;RP;18194;1;18233;localisee;1;18584;18584;BRAFV600E;0.5;FFPE;"PI3KCA:NM_006218.3:exon7:c.1173A>G:p.I391M 39%
BRAF :NM_004333:exon15:c.1799T>A:p.V600E 70%";13,9292147;154,4279687;34,91972515;1,18119212;2,219854814;1,339602085;1,122405227;1,122405227;3,214833994;7,857411943;2,36825862;209,3743087;0,211663054;17,32909186;150,731311;113,3373193;1,261778803;178,9790482;253,3287096;42,78557213;308,3913401;12,37035343;42,6346627;96,24617279;768,4408501;82,97070439;183,7395969;19,67435882;25,48428934
4;F;SSM;0.85;non;IV M1B;NA;0;dabra+trame;1;21885;22027;RP;21937;NA;NA;arret pour tox;0;NA;23021;BRAFV600E;0.9;FFPE;BRAF:NM_004333:exon15:c.1799T>A:p.V600E 38%;45,53933657;27,44632314;3,171931138;11,12966512;71,04641617;20,87032561;1,561787268;6,776508154;3,387297677;53,73958325;1,561787268;197,1810004;7,607365163;13,89963135;86,78694986;6,411127743;90,03044922;120,7992305;270,5513234;156,1582159;108,5833301;44,8655957;162,8843527;85,5532403;2289,819063;95,96799293;114,6882633;143,8687172;65,84208613
5;M;SSM;3.2;non;IV M1C;295;1;dabra+trame;4;22838;23093;RP;22896;1;22993;localisee;1;23198;23198;BRAFV600E;0.95;Congel;"CDKN2A NM_000077:exon2:c.457+1G>A 8%
BRAF:NM_004333:exon15:c.1799T>A:p.V600E 71%";5,712744987;13,06284545;2,657650754;0,768632425;10,108689;15,97062769;0,211394375;7,340391879;0,149818501;1,467461512;1,554384343;15,95846079;0,912626435;12,71786955;63,69544368;13,67574688;5,440948802;25,28680558;17,12424696;1,592811305;15,44228121;1,615399122;5,655204719;17,43057367;4,137996148;15,91880831;10,2460426;4,860645955;0,195146602
6;F;SSM;7.5;non;IV M1A;NA;0;dabra+trame;1;33217;33589;RC;33318;NA;NA;arret autre;0;NA;33961;BRAFV600E;0.95;FFPE;NA;27,7656258;185,8021714;12,48103135;14,72142997;33,04090635;209,7499135;0,613305257;176,1540914;3,117589305;5,051579345;16,36988249;137,9182716;2,563188548;29,22112271;222,3123762;162,8903386;34,51913722;102,5233586;44,08545239;165,3537238;65,88662232;7,441687807;21,72110664;173,0663198;25,34641617;272,9655796;82,60887621;27,12117705;4,631731039
7;M;SSM;3;oui;IV M1B;298;0;vemu+cobi;1;14842;15020;RP;14898;NA;NA;arret pour tox;0;NA;16067;BRAFV600E;NA;FFPE;NA;82,4975103;196,4493423;11,71192964;17,34201845;56,80256467;4,532469063;0,707960366;54,69812493;3,465532705;2,036114389;4,592738237;0,196517412;0,726730735;3,434210102;35,52978904;12,7707749;1,338868172;68,91505773;144,2901803;69,66351056;53,37136977;0,28399591;14,64794007;39,41826647;313,6067378;29,00510599;82,54261222;23,85379832;17,04050405
8;M;SSM;1.9;oui;IV M1C;NA;0;dabra+trame;1;13948;14760;RC;14389;0;NA;NA;0;NA;14760;BRAFV600E;0.4;FFPE;BRAF:NM_004333:exon15:c.1799T>A:p.V600E 11%;84,08274668;1688,442843;90,02693513;71,33735047;175,718127;72,92425477;0,750130342;666,16485;121,4767235;164,5725557;40,64888818;676,2396671;32,85540519;43,93128347;551,922686;652,4060243;141,3634743;446,3777061;213,6654215;160,2671937;413,6248996;39,1467945;236,6064797;336,536887;1122,010019;624,0928192;1058,100272;107,2526885;173,5064125
9;F;NM;12;oui;III C;343;0;dabra+trame;1;15712;17732;RC;16874;0;NA;NA;0;NA;17732;BRAFV600E;0.9;Congel;BRAF:NM_004333:exon15:c.1799T>A:p.V600E 30%;26,56281461;0,569941246;8,728439783;1,169061263;2,164234854;29,46922082;1,073151996;2,623735186;89,8771579;3,199138428;1,457233419;1079,328788;3,508714255;3,149029113;2492,206396;21,52047919;89,37005803;1,457233419;986,1311373;903,0891547;1394,179366;934,2332042;1530,673371;752,8120452;1492,873972;673,6505557;2332,269733;865,4131254;792,5906376
10;M;inclassable;4;oui;III C;NA;0;dabra+trame;1;18071;18154;RP;18119;NA;NA;arret autre;0;NA;19195;BRAFV600E;0.8;FFPE;NA;11,9545922;27,95006699;1,277446418;3,456729496;4,231661654;22,63504533;2,849283556;37,94473259;6,898887167;106,7619252;21,41095941;189,4360972;45,34986311;18,10868913;2,849283556;2,849283556;12,0446264;95,34508813;840,8252061;129,8560811;17,77347874;85,38580607;80,44731032;23,45974962;2326,04316;52,89854673;212,2713379;174,0308616;1,909070307
11;F;NA;NA;NA;IV M1C;NA;0;dabra+trame;1;25857;26247;SD;25914;1;26163;diffuse;0;NA;26723;BRAFV600E;0.5;FFPE;"BRAF:NM_004333:exon15:c.1799T>A:p.V600E 6% 
CDKN2A:NM_001195132:exon3:c.465C>G:p.I155M 10.5%
CTNNB1:NM_001904:exon3:c.131_133del:p.S45del3.8% ";2032,456595;268,3387293;2,116337658;56,69967947;80,08222385;48,98259398;53,92136286;48,33212307;13,93929669;344,9032949;53,92136286;11955,99608;190,8940142;302,9963367;2737,376079;53,92136286;170,9105905;53,92136286;3874,72138;11720,96579;53,92136286;20,04457413;1549,026136;10457,14859;9046,434615;2726,117946;4558,018737;9419,139815;864,0986363
12;F;NM;5;oui;III C;320;0;dabra+trame;4;15986;16364;RC;15986;0;NA;;0;NA;16364;BRAFV600E;0.9;FFPE;"NOTCH2:NM_024408:exon34:c.6094C>A:p.H2032N 50%
BRAF:NM_004333:exon15:c.1799T>A:p.V600E 58%";145,8141115;24,05135322;4,214278728;17,81490143;1,860500726;13,8543095;1,252721639;86,28933899;1,187512696;141,4159243;1,252721639;11,85953281;263,5996668;6,515391542;1,288181656;1,252721639;5,29556425;42,64058839;275,7073786;80,28321909;20,75165958;7,397450371;110,574324;43,26137788;1867,031633;85,59738189;67,09140812;72,35648848;4,346642816
13;F;SSM;1.25;non;IV M1C;382;0;dabra+trame;2;10900;11255;RC;10999;1;11240;localisee;1;11436;11436;BRAFV600E;0.7;Congel;BRAF:NM_004333:exon15:c.1799T>A:p.V600E 30%;2,100194559;2,815566809;1,169094597;0,623057475;5,159487265;0,420178701;0,254830642;4,258634854;0,335028704;0,767089154;0,992957806;4,428337338;0,200046787;4,797640005;8,973045986;5,26831717;1,937967578;2,920129306;4,773304088;0,718704198;3,382883877;0,454948658;1,351009741;9,04451915;1,670114726;9,988741442;2,91380283;1,26207579;0,140641926
14;M;spitzoide;4.75;non;IV M1B;271;0;dabra+trame;1;11280;13362;RP;11336;0;NA;NA;0;NA;13362;BRAFV600E;0.5;FFPE;"BRAF :NM_004333:exon15:c.1799T>A:p.V600E 31%
MET NM_001127500:exon2:c.11C>T:p.P4L 6%";246,5169785;928,1106121;23,1732637;234,6036057;4,893760037;16,55891982;4,02793819;133,630508;46,98913526;129,2504476;3,513410867;205,2684338;101,3828302;109,5717426;104,2210472;106,0717945;17,0270911;57,70608425;456,5399146;205,4282233;3,066440225;1,615793802;137,7348302;286,0996712;6328,945227;125,5490174;413,7136235;124,4427508;4,02793819
15;F;NA;NA;NA;IV M1C;NA;0;dabra+trame;1;6602;6936;RP;6663;NA;NA;arret autre;0;NA;7663;BRAFV600E;0.8;FFPE;"BRAF:NM_004333:exon15:c.1799T>A:p.V600E 7.3%
NOTCH2:NM_024408:exon34:c.6562G>A:p.A2188T 48%";9,205930456;25,58387378;3,782889619;2,068519839;3,778771599;0,152840876;0,143761582;2,648938559;0,862057187;1,492449177;2,522413316;66,24621522;1,227340955;3,363808802;7,059108383;15,2207902;9,871084247;6,25972561;11,7473734;28,18447281;15,22369908;6,561320299;15,29072649;43,07907946;42,54505181;55,07015616;7,906199044;13,69673381;2,38653886
16;F;NM;3;oui;IV M1C;NA;1;dabra+trame;1;21851;21967;RP;21880;1;22260;localisee;0;NA;23357;BRAFV600K;0.9;FFPE;"BRAF:NM_004333:exon15: c.1798_1799delinsAA:p.V600K 48.8%
IDH1:NM_005896:exon4:c.394C>T:p.R132C 19.5%
GRIN2A:NM_001134407:exon13:c.2714C>T:p.S905F 18.8%
CTNNB1:NM_001904:exon3:c.131_133del:p.S45del 2.9%";9,66023268;28,52075826;6,42777705;1,352871475;10,57932267;53,979652;0,023631247;9,419668938;0,929025086;0,892829412;2,710699218;12,97481067;1,346033349;2,188185236;12,20996977;59,94217791;10,5040368;40,97724161;5,931266009;16,0628483;51,13517568;13,34023253;23,7971734;24,46256237;47,0673575;9,318837126;25,57584078;3,244638092;9,193777843
17;F;SSM;6.1;oui;IV M1C;NA;0;dabra+trame;2;23789;23892;SD;23846;0;NA;NA;1;23892;23892;BRAFV600K;0.6;FFPE;"DDR2:NM_001014796:exon13:c.1323G>A:p.M441I 49.7%
BRAF:NM_004333:exon15:c.1798_1799delinsAA:p.V600K 57.8%
NOTCH1:NM_017617:exon33:c.6149A>G:p.N2050S 63%
MAP2K1:NM_002755:exon3:c.371C>T:p.P124L 37.6%";24,82059484;88,26314978;6,025225375;2,101887586;32,76180823;31,91471655;2,848312791;21,5798607;0,481111179;1,682119082;6,139239283;36,69697995;1,319218642;11,98077227;30,54040901;50,41931823;8,721801681;23,79046439;33,90634271;15,55005291;49,5484043;4,11043677;8,083725601;44,14348991;43,96649211;252,7106329;21,67503253;3,079803373;3,405760693
18;F;SSM;0.8;non;IV M1C;NA;1;dabra+trame;1;17974;18006;SD;18006;NA;NA;arret pour tox;1;18211;18211;BRAFV600E;0.9;FFPE;BRAF:NM_004333:exon15:c.1799T>A:p.V600E 33.5%;231,9941752;52,52093371;47,37649154;26,96711363;7,330133856;272,8357521;3,871784229;154,6245541;185,6311154;241,639625;5,035118;2476,279782;4,340414732;5,839521051;2969,433921;320,4559451;33,20935489;34,28356899;1767,180642;3742,196378;777,4191085;125,1980719;532,0114689;3296,191554;5915,889241;3235,130276;497,2989324;2493,910477;89,67801353
19;M;NM;11;oui;IV M1C;377;0;dabra+trame;1;34437;34656;RP;34496;1;34642;diffuse;1;34656;34656;BRAFV600E;0.8;FFPE;"BRAF:NM_004333:exon15:c.1799T>A:p.V600E 35.5% 
SERPINB3:NM_006919:exon4:c.284C>T:p.S95F 35.6% ";306,2562001;418,5873363;21,61801336;6,524383036;0,381712539;11,17480629;1,788148167;49,27132004;88,39146167;94,31735564;1,788148167;502,6134573;24,98078214;13,93100175;844,4363746;47,89126996;2,629601929;105,1736859;338,8604941;443,1539725;176,403202;21,47141347;242,2723851;425,5267024;2089,449126;300,5493283;1183,328065;497,5964089;113,8771768
20;F;SSM;1.32;non;IV M1A;302;0;dabra+trame;1;18250;19164;RC;18367;1;19062;peau ;0;NA;20278;BRAFV600E;0.7;FFPE;BRAF:NM_004333:exon15:c.1799T>A:p.V600E 26%;48,14688697;212,8419836;14,76283283;2,183561236;126,1009487;20,21856601;0,16217837;0,466309379;2,322985411;13,5476653;32,62910885;71,67012765;0,356765186;40,9968226;39,84853454;140,2101256;76,70257567;250,658512;30,9116275;123,1905282;226,7467396;15,94689536;80,38584167;212,903713;292,2190323;285,6567119;61,85316832;41,13799975;18,15016541
21;F;SSM;5.3;non;IV M1A;NA;0;dabra+trame;1;19582;20374;RC;19639;0;NA;NA;0;NA;20374;BRAFV600E;0.7;FFPE;"BRAF:NM_004333:exon15:c.1799T>A:p.V600E 32,8%
EGFR-AS1 52.8%";72,69550813;341,1176266;29,44388253;3,22973096;73,43543086;15,81369744;0,133413634;180,1418474;20,5414785;12,96191285;24,18042071;152,4730823;6,811289181;48,56967624;244,0816113;241,9438352;71,16792915;203,7389469;79,94031437;70,40706017;232,8193615;12,76785211;57,32509298;126,7071879;192,0362964;183,0731963;282,2100366;26,66577617;11,32044968
22;M;SSM;0.44;non;IV M1C;232;1;dabra+trame;2;20245;20269;SD;20269;NA;NA;arret pour tox;0;NA;20735;BRAFV600E;0.8;FFPE;"BRAF:NM_004333:exon15:c.1799T>A:p.V600E 51%
BRAF:NM_004333:exon15:c.1798_1799delinsAA:p.V600K 5.2%
NOTCH1:NM_017617:exon33:c.6149A>G:p.N2050S 6%
MAP2K1:NM_002755:exon3:c.371C>T:p.P124L 4%";33,45283771;196,4523613;16,91775063;24,48175889;68,68290655;0,947125593;0,290502201;14,69984528;0,186076094;0,223749091;10,30730523;84,29731049;11,89218074;49,13882586;96,96238705;82,76788359;56,96896282;129,2659934;56,21727505;15,35694999;57,03191202;28,92113733;28,12082953;135,4895053;310,1022083;113,9874823;82,53147229;13,30607386;4,273045829
23;M;SSM;2.7;non;IV M1C;NA;0;vemu+cobi;1;29511;29697;RC;29571;1;29697;diffuse;1;30006;30006;BRAFV600K;0.9;FFPE;"BRAF:NM_004333:exon15:c.1798_1799delinsAA:p.V600K 18.6%
NOTCH2:NM_024408:exon34:c.7223T>A:p.L2408H 46.2%";20,84042158;321,1828378;12,7019361;8,732424081;59,69661246;14,5921226;0,041423311;0,185817823;3,331473331;0,704145738;18,09851627;221,096127;7,869264938;14,3602692;193,5218289;88,92025558;39,76280219;118,1405982;51,83040071;141,1476876;75,51062117;13,32285921;36,41202408;255,2788289;87,93750708;211,3247422;152,857311;34,50282278;36,45304178
24;M;SSM;1.5;non;IV M1C;664;0;dabra+trame;4;14319;14549;RP;14409;1;14503;localisee;0;NA;14880;BRAFV600E;0.95;Congel;BRAF:NM_004333:exon15:c.1799T>A:p.V600E 52.9%;4,805105246;15,41237782;2,938181525;0,586454189;5,159178697;10,82321721;0,004084682;1,985504282;2,727996864;1,594399408;1,32888108;10,17952305;0,560645311;6,344874154;7,533333586;13,72432632;11,15444815;13,80989204;12,14560017;5,050988868;23,00002253;2,49175555;6,828769395;13,77836166;7,025122227;4,24835525;12,42528216;6,303893299;1,971896029
25;M;NA;NA;NA;IV M1C;NA;0;dabra+trame;1;20128;20276;PD;20237;1;20237;diffuse, local;1;20298;20298;BRAFV600E;0.7;FFPE;BRAF:NM_004333:exon15:c.1799T>A:p.V600E 32%;105,8774966;462,5588795;39,35083823;54,3879178;0,978044364;15,97168415;0,826766323;34,71726146;32,22084984;363,6585174;67,32959747;421,1240223;19,53485437;46,26850024;127,7363356;14,07055544;55,85832979;40,42575821;233,4840882;251,2108583;108,2485151;3,096718609;110,7340235;182,8449623;933,7584966;464,7326772;379,6720161;660,7124767;1,039153771
26;F;naevoide;2.78;oui;IV M1A;NA;0;dabra+trame;1;12812;13950;RC;12867;1;13805;localisee;1;14620;14620;BRAFV600E;0.8;FFPE;"KDR:NM_002253:exon11:c.1416A>T:p.Q472H 48%
DUSP4:NM_001394:exon4:c.983T>C :p.L328P 3.7%
BRAF :NM_004333:exon15:c.1799T>A:p.V600E 41%";237,1945195;3,525163433;55,69104115;9,170911595;3,067222283;24,09507175;2,739372391;2,739372391;211,4520474;8,023500356;2,739372391;15,31250287;61,94341173;4,360302659;220,4633485;2,739372391;8,336152311;17,59230839;779,6257086;115,8354251;1,748366933;7,072121093;170,0500564;28,39342196;3211,570814;62,65052115;999,7481344;1639,074258;145,9977805
27;M;SSM;0.8;non;IV M1C;1608;1;dabra+trame;1;15030;15096;PD;15089;1;15089;diffuse;1;15381;15381;BRAFV600E;0.5;FFPE;"NOTCH2:NM_024408:exon34:c.6956C>T:p.A2319V 47%
DDR2:NM_006182:exon12:c.1323G>A:p.M441I 35%
RAC1:NM_006908:exon2:c.85C>T:p.P29S 50% 
MET:NM_000245:exon2:c.1124A>G:p.N375S 7%
BRAF :NM_004333:exon15:c.1799T>A:p.V600E 85%
AKT1:NM_005163:exon3:c.49G>A:p.E17K 27%";180,7398434;203,1792668;30,89359311;23,76099576;39,12345527;63,20797621;35,47006279;26,70664419;157,8684645;1821,438287;67,98698869;40728,81032;151,6860601;18,62085758;5656,602701;411,2063106;1692,28641;386,0124064;8868,688744;24372,81643;18705,21569;1311,3211;9316,912888;28237,09169;6787,628185;5439,24224;33682,32465;12958,89;18698,98017
